title,distance,rating,price
유니버설 스튜디오 할리우드,로스앤젤레스  거리: 13.9km,4.8,"139,304원"
디즈니랜드 파크,로스앤젤레스  거리: 40.1km,4.7,"128,307원"
할리우드 명예의 거리,로스앤젤레스  거리: 9.4km,4.5,무료
OUE Skyspace LA,로스앤젤레스  거리: 994m,4.6,N/A
비벌리힐스,로스앤젤레스  거리: 14.6km,4.6,무료
그리피스 천문대,로스앤젤레스  거리: 9km,4.7,무료
산타모니카 스테이트 비치,로스앤젤레스  거리: 24.2km,4.6,무료
더 게티,로스앤젤레스  거리: 21.4km,4.7,무료
할리우드,로스앤젤레스  거리: 9km,4.6,무료
더 위자딩 월드 오브 해리 포터,로스앤젤레스  거리: 13.9km,4.6,N/A
할리우드,로스앤젤레스  거리: 9km,4.6,무료
더 위자딩 월드 오브 해리 포터,로스앤젤레스  거리: 13.9km,4.6,N/A
더 브로드,로스앤젤레스  거리: 649m,4.7,무료
선셋 대로,로스앤젤레스  거리: 15.9km,4.4,무료
로스앤젤레스 자연사 박물관,로스앤젤레스  거리: 5.7km,4.6,N/A
스테이플스 센터,로스앤젤레스  거리: 2.4km,4.7,N/A
디즈니 캘리포니아 어드밴츄어 파크,로스앤젤레스  거리: 40.4km,4.7,"128,307원"
로스엔젤레스뮤지움,로스앤젤레스  거리: 10.7km,4.6,N/A
마담 투소 할리우드,로스앤젤레스  거리: 10.6km,4.5,"32,068원"
TCL 차이니즈 시어터,로스앤젤레스  거리: 10.5km,4.5,N/A
할리우드사인,로스앤젤레스  거리: 11.6km,4.4,무료
베니스 비치,로스앤젤레스  거리: 22.1km,4.5,무료
헌팅톤도서관,로스앤젤레스  거리: 14.6km,4.6,N/A
돌비 극장,로스앤젤레스  거리: 10.5km,4.6,N/A
차이나타운,로스앤젤레스  거리: 1.2km,4.3,무료
아쿼리엄 오브 더 퍼시픽,로스앤젤레스  거리: 32.6km,4.4,"37,200원"
더 브로드,로스앤젤레스  거리: 649m,4.7,무료
워터월드,로스앤젤레스  거리: 13.9km,4.8,N/A
국도 제호선 (미국),로스앤젤레스  거리: 40.6km,4.8,무료
코리아타운,로스앤젤레스  거리: 5.3km,4.4,무료
월트 디즈니 콘서트홀,로스앤젤레스  거리: 664m,4.5,무료
스튜디오투어,로스앤젤레스  거리: 13.9km,4.8,N/A
캘리포니아 사이언스 센터,로스앤젤레스  거리: 5.6km,4.5,무료
로데오 드라이브,로스앤젤레스  거리: 14.7km,4.7,무료
롱비치,로스앤젤레스  거리: 31.7km,4.5,무료
멜로즈 애비뉴,로스앤젤레스  거리: 9.4km,4.3,무료
그리피스 공원,로스앤젤레스  거리: 10.5km,4.6,무료
올베라 거리,로스앤젤레스  거리: 795m,4.4,무료
할리우드힐스,로스앤젤레스  거리: 12.3km,4.5,N/A
Warner Bros Studio Store,로스앤젤레스  거리: 14km,4.2,N/A
엘에이시티홀,로스앤젤레스  거리: 189m,4.4,무료
그래미 박물관,로스앤젤레스  거리: 2.1km,4.4,N/A
브래드버리 빌딩,로스앤젤레스  거리: 425m,4.5,무료
로스앤젤레스 주,로스앤젤레스  거리: 11.3km,4.3,N/A
더 게티 빌라,로스앤젤레스  거리: 29.6km,4.8,무료
오베이션,로스앤젤레스  거리: 10.5km,4.7,무료
쥬라기공원,로스앤젤레스  거리: 14.3km,4.7,N/A
식스 플래그즈 매직 마운틴,로스앤젤레스  거리: 52.7km,4.6,N/A
맨해튼비치,로스앤젤레스  거리: 24.2km,4.4,무료
파사데나,로스앤젤레스  거리: 13.5km,4.4,무료
너츠베리팜,로스앤젤레스  거리: 32.2km,4.6,N/A
엘 푸에블로 데 로스앤젤레스 히스토리컬 모누멘트,로스앤젤레스  거리: 657m,4.1,무료
Ripley's Believe It or Not!,로스앤젤레스  거리: 10.3km,4.3,N/A
크라이스트 대성당,로스앤젤레스  거리: 43.3km,4.4,무료
산타모니카 부두,로스앤젤레스  거리: 24km,4.4,N/A
할리우드 왁스 박물관,로스앤젤레스  거리: 10.3km,4.4,N/A
런연 캐년 공원,로스앤젤레스  거리: 12km,4.6,무료
그랜드 파크 LA,로스앤젤레스  거리: 536m,4.6,무료
USS 아이오와 박물관,로스앤젤레스  거리: 34.6km,4.6,N/A
다저스 스테디움,로스앤젤레스  거리: 2.4km,4.3,N/A
유니언 역,로스앤젤레스  거리: 795m,4.7,무료
파라마운트 픽쳐스 스튜디오 투어즈,로스앤젤레스  거리: 7.9km,4.4,N/A
Norton Simon Museum,로스앤젤레스  거리: 13km,4.4,N/A
LA 라이브,로스앤젤레스  거리: 2.2km,4.3,무료
타워,로스앤젤레스  거리: 1.7km,4.9,N/A
다운타운 디즈니 디스트릿,로스앤젤레스  거리: 39.9km,4.5,무료
로스앤젤레스 군 아버리텀,로스앤젤레스  거리: 20.5km,4.4,N/A
Guinness World Records Museum,로스앤젤레스  거리: 10.3km,4.2,N/A
Monterey Park Historical Museum,로스앤젤레스  거리: 12km,5,N/A
The Gamble House,로스앤젤레스  거리: 13.4km,4.3,N/A
US Bank Branch,로스앤젤레스  거리: 8.1km,4.2,N/A
헌팅턴비치,로스앤젤레스  거리: 49.3km,4.5,무료
헐리우드 대로,로스앤젤레스  거리: 10.4km,3.9,N/A
"Public Art ""Urban Light""",로스앤젤레스  거리: 10.7km,4.6,N/A
로스앤젤레스 공공 도서관,로스앤젤레스  거리: 1.1km,4.3,N/A
할리우드 왁스 박물관,로스앤젤레스  거리: 10.6km,4.2,N/A
더 퀸 메리,로스앤젤레스  거리: 32.8km,4.7,N/A
말리부 라군 스테이트 비치,로스앤젤레스  거리: 40.3km,4.5,무료
트래블 타운 뮤지엄,로스앤젤레스  거리: 12.9km,4.2,N/A
페이지 박물관,로스앤젤레스  거리: 10.4km,4.2,N/A
LA 베니스 운하,로스앤젤레스  거리: 22km,4.3,무료
패서디나 시청,로스앤젤레스  거리: 14km,4.8,N/A
Thien Hau Temple,로스앤젤레스  거리: 1.2km,4,N/A
로스앤젤레스 필하모닉,로스앤젤레스  거리: 631m,5,N/A
맥아더 공원,로스앤젤레스  거리: 3.4km,3.5,N/A
퍼싱 스퀘어,로스앤젤레스  거리: 941m,4.1,N/A
Koyasan Buddhist Temple,로스앤젤레스  거리: 454m,4,N/A
Pasadena Civic Auditorium,로스앤젤레스  거리: 14.6km,4.7,N/A
뉴포트비치,로스앤젤레스  거리: 56.2km,4.6,무료
레이크 홀리우드 공원,로스앤젤레스  거리: 11.3km,3.2,N/A
천사들의 모후 대성당,로스앤젤레스  거리: 621m,4.3,무료
Fisherman's Village,로스앤젤레스  거리: 20.6km,5,N/A
브론슨 케이브즈,로스앤젤레스  거리: 10.1km,4.7,N/A
폴 스미스,로스앤젤레스  거리: 12.1km,3.5,무료
The Music Center,로스앤젤레스  거리: 670m,4.2,N/A
홀리우드 보울,로스앤젤레스  거리: 11km,4.7,무료
로즈 보울 스타디움,로스앤젤레스  거리: 14km,4.5,N/A
더 그릭 시어터,로스앤젤레스  거리: 8.9km,4.8,N/A
Third Street Promenade,로스앤젤레스  거리: 23.6km,4.7,무료
리차드닉슨도서관,로스앤젤레스  거리: 43.1km,4.7,N/A
